{"loss": 0.0075479112565517426, "_timestamp": 1724019531.0873678, "_runtime": 48.94633078575134, "_step": 66, "psnr": 8.609699249267578, "mse": 0.13773047924041748}