{"loss": 0.08328263461589813, "_timestamp": 1723827550.5696428, "_runtime": 7.106735706329346, "_step": 1, "psnr": -21.536903381347656, "mse": 142.45916748046875, "_wandb": {"runtime": 6}}