{"loss": 0.010762475430965424, "_timestamp": 1724019835.1163492, "_runtime": 31.625298261642456, "_step": 17}