{"loss": [0.0015242156805470586, 0.0004806992074009031, 0.008334257639944553, 0.0018820841796696186, 0.0005337076727300882, 0.0005100442795082927, 0.0005054365028627217, 0.0006713474285788834], "_timestamp": 1723751594.6452942, "_runtime": 4185.214072227478, "_step": 2588, "psnr": 14.204793930053711, "mse": 0.03797699138522148}