{"loss": [0.0725184753537178, 0.07446059584617615, 0.07064083963632584, 0.17803393304347992, 0.07274091988801956, 0.07541348785161972, 0.07474161684513092, 0.12586355209350586, 0.0737093910574913, 0.0725061222910881, 0.07685796916484833, 0.08427099883556366, 0.07308746874332428, 0.07495362311601639, 0.18880288302898407, 0.07672344893217087], "_timestamp": 1723668520.7244022, "_runtime": 13.93936014175415, "_step": 0, "_wandb": {"runtime": 15}}