{"loss": 0.09336967766284943, "_timestamp": 1723827941.1671016, "_runtime": 7.181711673736572, "_step": 1, "psnr": -17.50506019592285, "mse": 56.29970169067383, "_wandb": {"runtime": 6}}