{"loss": 0.009107818827033043, "_timestamp": 1723846666.9067218, "_runtime": 611.5221519470215, "_step": 1949, "psnr": 8.84823226928711, "mse": 0.13036972284317017}