{"loss": 0.03341732546687126, "_timestamp": 1724018968.7585425, "_runtime": 1088.2548356056213, "_step": 1106}