{"loss": [0.0027596591971814632, 0.004907716065645218, 0.004888259805738926, 0.11203312128782272, 0.14755496382713318, 0.0027099321596324444, 0.0038227257318794727, 0.0030886244494467974, 0.010510599240660667, 0.003648212179541588, 0.002926110988482833, 0.01799042336642742, 0.00956758949905634, 0.004457804840058088, 0.0028622602112591267, 0.00242532673291862], "_timestamp": 1723668844.458115, "_runtime": 84.00757002830505, "_step": 42, "psnr": -1.9816209077835083, "mse": 1.5782002210617065}