{"loss": 0.12497832626104355, "_timestamp": 1723943525.3790498, "_runtime": 4.920261859893799, "_step": 1, "psnr": 3.882129430770874, "mse": 0.4090600311756134, "_wandb": {"runtime": 4}}