{"loss": 0.06741496920585632, "_timestamp": 1723944494.6470623, "_runtime": 4.952056407928467, "_step": 1, "psnr": 2.532033681869507, "mse": 0.5582087635993958, "_wandb": {"runtime": 4}}