{"loss": 0.0025962386280298233, "_timestamp": 1724085235.663512, "_runtime": 101.55558609962463, "_step": 183, "psnr": 0.036522094160318375, "mse": 14.374443054199219}