{"loss": 0.07670322060585022, "_timestamp": 1723820985.7504954, "_runtime": 4.3970043659210205, "_step": 0, "_wandb": {"runtime": 4}}