{"loss": [0.014893456362187862, 0.03431544080376625, 0.0172975342720747, 0.012639828026294708, 0.015259778127074242, 0.014843964949250221, 0.031800150871276855, 0.011969498358666897, 0.013929028995335102, 0.015038835816085339, 0.012252015992999077, 0.013220035471022129, 0.015175189822912216, 0.2898019850254059, 0.012135784141719341, 0.015469673089683056], "_timestamp": 1723527452.584608, "_runtime": 41.14411211013794, "_step": 18, "psnr": -13.407931327819824, "mse": 21.917608261108