{"loss": [0.005642373114824295, 0.006316168233752251, 0.0052110604010522366, 0.21831707656383514, 0.014531152322888374, 0.030152007937431335, 0.02238623797893524, 0.004065407905727625, 0.005288036540150642, 0.0687502771615982, 0.02342190407216549, 0.018916694447398186, 0.00562304025515914, 0.019989605993032455, 0.01886768639087677, 0.008246593177318573], "_timestamp": 1723527461.2849479, "_runtime": 49.844451904296875, "_step": 22, "psnr": -13.351358413696289, "mse": 21.633949279785156}