{"loss": [0.0008392386953346431, 0.0006316275685094297, 0.0005821841186843812, 0.00047177085070870817, 0.0004962724633514881, 0.0004775011620949954, 0.00044894820894114673, 0.0010037601459771395, 0.020708682015538216, 0.040544234216213226, 0.000912844086997211, 0.008230401203036308, 0.0555245466530323, 0.012876009568572044, 0.0004782221803907305, 0.0004994692862965167], "_timestamp": 1723549894.787878, "_runtime": 22483.347382068634, "_step": 10772, "psnr": -0.5406291484832764, "mse": 1.1325644254684448}