{"loss": [0.004235121421515942, 0.0004958688514307141, 0.0007298272103071213, 0.0011119232513010502, 0.003855853108689189, 0.004474777728319168, 0.01547832228243351, 0.001412649522535503, 0.00046065461356192827, 0.0005305421655066311, 0.04249080643057823, 0.0018186828820034862, 0.0011666163336485624, 0.00417470745742321, 0.00046611970174126327, 0.0036845679860562086], "_timestamp": 1723659127.1019156, "_runtime": 131715.66141963005, "_step": 61312, "psnr": 5.704037666320801, "mse": 0.26890337467193604}