{"loss": 0.07091793417930603, "_timestamp": 1723945319.2484872, "_runtime": 4.947774171829224, "_step": 1, "psnr": 0.8973261117935181, "mse": 0.813331127166748, "_wandb": {"runtime": 4}}