{"loss": 0.0625356137752533, "_timestamp": 1723941130.9201658, "_runtime": 6.4739508628845215, "_step": 5, "psnr": 3.347324848175049, "mse": 0.46266594529151917, "_wandb": {"runtime": 6}}