{"loss": 0.046853937208652496, "_timestamp": 1723836358.2205226, "_runtime": 51.76348662376404, "_step": 28, "psnr": -9.350706100463867, "mse": 8.611336708068848}