{"loss": 0.0905836671590805, "_timestamp": 1723833101.7402139, "_runtime": 7.431631803512573, "_step": 1, "psnr": -17.60055160522461, "mse": 57.55130386352539, "_wandb": {"runtime": 7}}