{"loss": 0.4454910159111023, "_timestamp": 1723830848.7418535, "_runtime": 4.695956468582153, "_step": 1, "psnr": -19.55265235900879, "mse": 90.21219635009766, "_wandb": {"runtime": 4}}