{"loss": 0.08183416724205017, "_timestamp": 1723824138.7583742, "_runtime": 7.187608242034912, "_step": 1, "psnr": -21.11295509338379, "mse": 129.20977783203125, "_wandb": {"runtime": 9}}