{"loss": 0.09557473659515381, "_timestamp": 1723945015.0837622, "_runtime": 4.876639127731323, "_step": 1, "psnr": 5.075622081756592, "mse": 0.31076908111572266, "_wandb": {"runtime": 4}}