{"loss": [0.0009123807540163398, 0.0024691103026270866, 0.002702865283936262, 0.009830157272517681, 0.0005486569134518504, 0.0005159529973752797, 0.03882817178964615, 0.007132595404982567, 0.0004699616983998567, 0.1591595709323883, 0.005221869330853224, 0.0018934352556243539, 0.023480864241719246, 0.002901950618252158, 0.00048192430404014885, 0.06442515552043915], "_timestamp": 1723794803.9025571, "_runtime": 125853.31300806999, "_step": 61790, "psnr": 4.937678337097168, "mse": 0.3207983672618866}