{"loss": [0.0005082094576209784, 0.055226244032382965, 0.0009803674183785915, 0.00046201248187571764, 0.003288144478574395, 0.004617375787347555, 0.05320477485656738, 0.0025560862850397825, 0.0008772961446084082, 0.005176089238375425, 0.0344412587583065, 0.0004888473777100444, 0.0010639996035024524, 0.004039567429572344, 0.0004620325635187328, 0.00044901500223204494], "_timestamp": 1723757177.334686, "_runtime": 88226.74513697624, "_step": 43776, "psnr": 8.133849143981934, "mse": 0.15367920696735382}