{"loss": 0.04984765499830246, "_timestamp": 1723857954.0014708, "_runtime": 13.456461906433105, "_step": 21, "psnr": 4.538999557495117, "mse": 0.3516414165496826}