{"loss": 0.14133715629577637, "_timestamp": 1723833548.9704554, "_runtime": 4.589740514755249, "_step": 1, "psnr": -10.771422386169434, "mse": 11.943791389465332, "_wandb": {"runtime": 4}}