{"loss": 0.01631901040673256, "_timestamp": 1723842042.0963528, "_runtime": 485.95968675613403, "_step": 1478, "psnr": -1.1609026193618774, "mse": 1.306442379951477}