{"loss": 0.4333884119987488, "_timestamp": 1723991852.7414103, "_runtime": 8225.348756313324, "_step": 16177, "psnr": 1.3836073875427246, "mse": 0.7271755337715149}