{"loss": 0.01995190419256687, "_timestamp": 1723818583.8641474, "_runtime": 303.25836539268494, "_step": 177, "psnr": -4.779113292694092, "mse": 3.005462646484375}