{"loss": 0.07841795682907104, "_timestamp": 1723832623.227236, "_runtime": 8.871176958084106, "_step": 1, "psnr": -18.133712768554688, "mse": 65.0685806274414, "_wandb": {"runtime": 8}}