{"loss": 0.003456367179751396, "_timestamp": 1723818215.4573433, "_runtime": 1712.791879415512, "_step": 1004, "psnr": 2.8222272396087646, "mse": 0.5221283435821533}