{"loss": 0.10548026114702225, "_timestamp": 1723821435.6359298, "_runtime": 4.336139917373657, "_step": 0, "_wandb": {"runtime": 4}}