{"loss": 0.07627010345458984, "_timestamp": 1723947116.3073385, "_runtime": 4.334462404251099, "_step": 0}