{"loss": 0.09965839982032776, "_timestamp": 1723821555.578266, "_runtime": 4.311934947967529, "_step": 0, "_wandb": {"runtime": 4}}