{"loss": 0.08830294013023376, "_timestamp": 1723827731.3419287, "_runtime": 7.169219732284546, "_step": 1, "psnr": -23.516510009765625, "mse": 224.72474670410156, "_wandb": {"runtime": 6}}