{"loss": 0.07186531275510788, "_timestamp": 1723824348.6455305, "_runtime": 7.226885557174683, "_step": 1, "psnr": -22.653247833251953, "mse": 184.2148895263672, "_wandb": {"runtime": 9}}