{"loss": 0.013189149089157581, "_timestamp": 1723818846.5077388, "_runtime": 86.04628777503967, "_step": 48, "psnr": -8.025239944458008, "mse": 6.346349716186523}