{"loss": 0.08669355511665344, "_timestamp": 1723832537.135583, "_runtime": 12.309998989105225, "_step": 1, "psnr": -5.226714611053467, "mse": 3.331742525100708, "_wandb": {"runtime": 12}}