{"_wandb":{"runtime":3},"max x":1.1149756071936e+14,"_step":6,"max eps":2.9986040592193604,"_timestamp":1.7432086497410305e+09,"_runtime":3.262794207,"t_denoiser":21,"min x":4.8446111219712e+13,"min eps":-0.16203521192073822,"training":{"_type":"images/separated","width":256,"height":256,"format":"png","count":6,"filenames":["media/images/training_5_13c0915d226521fb56bb.png","media/images/training_5_26b2b8076b34be9a6f5f.png","media/images/training_5_389f6d7eff52b78dadc2.png","media/images/training_5_01be00b39889b30553d9.png","media/images/training_5_13c0915d226521fb56bb.png","media/images/training_5_13c0915d226521fb56bb.png"],"captions":["x0_hat","x0","y","xt","z_input","z"]},"trainer/global_step":0}