{"loss": 0.07140989601612091, "_timestamp": 1723821225.2034147, "_runtime": 4.178510665893555, "_step": 0, "_wandb": {"runtime": 4}}