{"loss": 0.07766524702310562, "_timestamp": 1723827460.9424477, "_runtime": 7.19242262840271, "_step": 1, "psnr": -6.401431560516357, "mse": 4.366597652435303, "_wandb": {"runtime": 6}}