{"loss": 0.43586671352386475, "_timestamp": 1723952047.022657, "_runtime": 4871.6381459236145, "_step": 16130, "psnr": 3.2392611503601074, "mse": 0.47432267665863037}