{"loss": 0.016885345801711082, "_timestamp": 1724085035.340909, "_runtime": 195.8666980266571, "_step": 376, "psnr": 0.044980909675359726, "mse": 13.469717025756836}