{"loss": 0.15834787487983704, "_timestamp": 1723833400.29231, "_runtime": 6.307359933853149, "_step": 1, "psnr": -20.216781616210938, "mse": 105.1182632446289, "_wandb": {"runtime": 6}}