{"loss": 0.08700260519981384, "_timestamp": 1723830698.772577, "_runtime": 4.761876106262207, "_step": 1, "psnr": -11.44655704498291, "mse": 13.952618598937988, "_wandb": {"runtime": 4}}