{"loss": 0.07834041118621826, "_timestamp": 1723937907.972794, "_runtime": 4.568530082702637, "_step": 0, "_wandb": {"runtime": 5}}