{"loss": 0.08146392554044724, "_timestamp": 1723832446.3226056, "_runtime": 12.445415496826172, "_step": 1, "psnr": -20.040847778320312, "mse": 100.94497680664062, "_wandb": {"runtime": 12}}