{"loss": 0.08375678956508636, "_timestamp": 1723938345.780069, "_runtime": 4.275377035140991, "_step": 0, "_wandb": {"runtime": 4}}