{"loss": 0.0817343220114708, "_timestamp": 1723833491.1410162, "_runtime": 6.540697336196899, "_step": 1, "psnr": -20.6468563079834, "mse": 116.06082916259766, "_wandb": {"runtime": 5}}