{"loss": 0.12449614703655243, "_timestamp": 1723832981.8867166, "_runtime": 7.44219970703125, "_step": 1, "psnr": -7.854785442352295, "mse": 6.102088928222656, "_wandb": {"runtime": 7}}