{"loss": 0.09105245769023895, "_timestamp": 1723937789.3793128, "_runtime": 9.297420740127563, "_step": 0, "_wandb": {"runtime": 10}}