{"loss": 0.0771411806344986, "_timestamp": 1723832683.341445, "_runtime": 9.199416875839233, "_step": 1, "psnr": -8.164621353149414, "mse": 6.5533318519592285, "_wandb": {"runtime": 8}}