{"loss": 0.08067364990711212, "_timestamp": 1723940235.1312454, "_runtime": 4.928375482559204, "_step": 1, "psnr": 4.422370433807373, "mse": 0.3612126410007477, "_wandb": {"runtime": 4}}