{"loss": 0.06932318210601807, "_timestamp": 1723939489.7649853, "_runtime": 4.257167339324951, "_step": 0, "_wandb": {"runtime": 4}}