{"loss": 0.008629086427390575, "_timestamp": 1723855656.9088912, "_runtime": 5880.0084393024445, "_step": 16118, "psnr": 12.805688858032227, "mse": 0.05241204798221588}