{"loss": 0.08382239192724228, "_timestamp": 1723832742.634059, "_runtime": 8.450954914093018, "_step": 1, "psnr": -13.8302001953125, "mse": 24.155725479125977, "_wandb": {"runtime": 8}}