{"loss": 0.07575694471597672, "_timestamp": 1723822155.5517082, "_runtime": 4.186305284500122, "_step": 0, "_wandb": {"runtime": 4}}