{"loss": 0.10363162308931351, "_timestamp": 1723832802.5100315, "_runtime": 8.549471378326416, "_step": 1, "psnr": -9.52580451965332, "mse": 8.965622901916504, "_wandb": {"runtime": 7}}