{"loss": 0.07998012751340866, "_timestamp": 1723828208.4185405, "_runtime": 4.675400495529175, "_step": 1, "psnr": -23.052875518798828, "mse": 201.9702911376953, "_wandb": {"runtime": 4}}