{"loss": 0.5130824446678162, "_timestamp": 1724098614.2629898, "_runtime": 8538.965654850006, "_step": 18303, "psnr": 0.46026504039764404, "mse": 3.369920253753662}