{"loss": 0.08598003536462784, "_timestamp": 1723830608.8083498, "_runtime": 4.734936952590942, "_step": 1, "psnr": -11.36448860168457, "mse": 13.691431999206543, "_wandb": {"runtime": 4}}