{"loss": [0.07071293145418167, 0.10574734956026077, 0.11412806063890457, 0.06425082683563232, 0.06712154299020767, 0.2327449917793274, 0.17286944389343262, 0.06955090165138245, 0.0694488063454628, 0.06954208761453629, 0.07058747112751007, 0.06965214759111404, 0.06703520566225052, 0.06977901607751846, 0.0699387937784195, 0.26833921670913696], "_timestamp": 1723668667.7283585, "_runtime": 4.670363426208496, "_step": 0, "_wandb": {"runtime": 4}}