{"loss": 0.09667152166366577, "_timestamp": 1723821825.672072, "_runtime": 4.302264928817749, "_step": 0, "_wandb": {"runtime": 4}}