{"loss": 0.07442310452461243, "_timestamp": 1723820325.5787997, "_runtime": 4.28724479675293, "_step": 0, "_wandb": {"runtime": 4}}