{"loss": 0.1162455826997757, "_timestamp": 1724084651.3022816, "_runtime": 15.15822458267212, "_step": 0, "_wandb": {"runtime": 14}}