{"loss": 0.07965322583913803, "_timestamp": 1723833219.5801842, "_runtime": 5.465348243713379, "_step": 1, "psnr": -13.07059097290039, "mse": 20.279584884643555, "_wandb": {"runtime": 4}}