{"loss": 0.0033470792695879936, "_timestamp": 1724017540.597934, "_runtime": 570.3708310127258, "_step": 566}