{"loss": 0.08074381947517395, "_timestamp": 1723835589.4845722, "_runtime": 4.974614143371582, "_step": 0, "_wandb": {"runtime": 5}}