{"loss": 0.07933489233255386, "_timestamp": 1723941876.0832288, "_runtime": 6.406708717346191, "_step": 5, "psnr": 3.947331428527832, "mse": 0.4029645621776581, "_wandb": {"runtime": 5}}