{"loss": 0.02130812406539917, "_timestamp": 1723849702.8916633, "_runtime": 617.5271503925323, "_step": 408, "psnr": -1.314401388168335, "mse": 1.3534435033798218}