{"loss": 0.06942591071128845, "_timestamp": 1723823214.2809224, "_runtime": 7.973020315170288, "_step": 1, "psnr": -9.293757438659668, "mse": 8.499154090881348, "_wandb": {"runtime": 10}}