{"loss": 0.08103545755147934, "_timestamp": 1723832384.8341305, "_runtime": 10.900498628616333, "_step": 0, "_wandb": {"runtime": 12}}