{"loss": 0.07613929361104965, "_timestamp": 1723832265.5186179, "_runtime": 11.332947969436646, "_step": 0, "_wandb": {"runtime": 11}}