{"loss": 0.0074693006463348866, "_timestamp": 1724019429.011383, "_runtime": 427.85706615448, "_step": 396}