{"loss": 0.11761415004730225, "_timestamp": 1724089551.365497, "_runtime": 4253.944463014603, "_step": 8793, "psnr": 0.46873506903648376, "mse": 3.2907257080078125}