{"loss": 0.08460783213376999, "_timestamp": 1723828090.878588, "_runtime": 7.1707069873809814, "_step": 1, "psnr": -17.792428970336914, "mse": 60.1510009765625, "_wandb": {"runtime": 6}}