{"loss": 1.0113224983215332, "_timestamp": 1724080917.7560449, "_runtime": 60308.331382751465, "_step": 113833, "psnr": 0.5097745060920715, "mse": 2.9262187480926514}