{"loss": 0.15447328984737396, "_timestamp": 1723827790.7713227, "_runtime": 7.021064758300781, "_step": 1, "psnr": -8.19533634185791, "mse": 6.599843978881836, "_wandb": {"runtime": 6}}