{"psnr": 11.078978538513184, "mse": 0.07800135016441345, "_timestamp": 1723549895.7052703, "_runtime": 22709.537907361984, "_step": 5443}