{"psnr": 4.758195877075195, "mse": 0.3343338966369629, "_timestamp": 1723659738.1206691, "_runtime": 132551.95330619812, "_step": 30817}