{"psnr": 0.44517982006073, "mse": 0.9025723338127136, "_timestamp": 1723527449.2576787, "_runtime": 263.0903158187866, "_step": 65}