{"psnr": 0.1762152463197708, "mse": 0.9602370858192444, "_timestamp": 1723527461.7472517, "_runtime": 275.5798888206482, "_step": 68}