{"loss": 0.07760780304670334, "_timestamp": 1723833344.8025942, "_runtime": 9.491629123687744, "_step": 1, "psnr": -19.91295051574707, "mse": 98.01557159423828, "_wandb": {"runtime": 9}}