{"psnr": -7.73099422454834, "mse": 5.930610656738281, "_timestamp": 1723527091.0628912, "_runtime": 56.08719229698181, "_step": 12}