{"loss": [0.011888976208865643, 0.0008333149598911405, 0.010752314701676369, 0.0009588597458787262, 0.0070037259720265865, 0.031648483127355576, 0.0004935165052302182, 0.0014078539097681642], "_timestamp": 1723760954.1024537, "_runtime": 4195.1519865989685, "_step": 2662, "psnr": -3.010465145111084, "mse": 2.0000760555267334}