{"loss": [0.001463289256207645, 0.005692664068192244, 0.009733831509947777, 0.0012380930129438639, 0.0010963520035147667, 0.0019425551872700453, 0.003110853023827076, 0.0011984457960352302], "_timestamp": 1723757178.406445, "_runtime": 419.45597791671753, "_step": 262, "psnr": 0.8089736700057983, "mse": 0.8300468921661377}