{"t_denoiser":21,"_timestamp":1.74320882964666e+09,"_step":6,"_wandb":{"runtime":3},"trainer/global_step":0,"_runtime":3.285344319,"min eps":-4.391963005065918,"max eps":4.1757402420043945,"min x":-1.1601468324661255,"max x":1.130237102508545,"training":{"format":"png","count":6,"filenames":["media/images/training_5_9da84377aac2174a2204.png","media/images/training_5_0bab1758390a74d9eeca.png","media/images/training_5_d52c4dfebd9fcda6edc5.png","media/images/training_5_2df16f0635402decf58b.png","media/images/training_5_a1dfe365e2929132d268.png","media/images/training_5_15a2faf8e9d8c0f3b146.png"],"captions":["x0_hat","x0","y","xt","z_input","z"],"_type":"images/separated","width":256,"height":256}}