{"loss": 0.001596989342942834, "_timestamp": 1724020429.8836296, "_runtime": 290.38587260246277, "_step": 520, "psnr": 0.0985347107052803, "mse": 10.064106941223145}