{"loss": 0.08243484795093536, "_timestamp": 1723835892.5420935, "_runtime": 8.026673555374146, "_step": 1, "psnr": -22.929519653320312, "mse": 196.3144073486328, "_wandb": {"runtime": 6}}