{"loss": 0.030129872262477875, "_timestamp": 1723826844.682828, "_runtime": 1962.9519510269165, "_step": 621, "psnr": 2.1452882289886475, "mse": 0.6101985573768616}